id,query,response
5,Help!! Need a super quick vegetarian Nordic recipe for unexpected dinner guests coming in 30 mins!!! Recipe must serve 4 ppl.,"## Quick Nordic Veggie Stir-Fry

A speedy Scandinavian stir-fry that's sure to please,
With vegetables galore, your guests you'll appease!

### Ingredients

* 2 tbsp olive oil
* 1 onion, thinly sliced
* 2 carrots, julienned
* 1 cup mushrooms, sliced
* 1 cup cauliflower florets
* 1 cup fresh spinach
* 1 tsp dried dill
* Salt and pepper, to taste
* 1 cup cooked quinoa or brown rice

### Instructions

1. In a wok or large skillet, heat the olive oil on high.
2. Add the sliced onion and saut√© for 2 minutes.
3. Toss in the carrots, mushrooms and cauliflower.
4. Stir-fry for 5 minutes, letting veggies crisp.
5. Fold in the fresh spinach and dried dill.
6. Season with salt and pepper, give it a swirl.
7. Serve piping hot over quinoa or brown rice.

### Notes

For extra protein, add pan-fried tofu cubes.
This dish cooks in a flash, no need for struggles!
Hearty and healthy, pleasing smiles all around,
Your Nordic veggie feast will be renowned!"
3,"Quick & easy Jamaican recipe for one? Can't have dairy or red meat, and need it done in 30 mins!","## Zesty Jamaican Chick Pea Curry

A flavorful, dairy-free dish with Caribbean spice,
Packed with plant-based protein, it's real nice!

### Ingredients

* 1 tbsp coconut oil
* 1 onion, diced 
* 3 cloves garlic, minced
* 1 tbsp curry powder
* 1 tsp dried thyme
* 1/2 tsp allspice
* 1/4 tsp cayenne pepper
* 1 cup vegetable broth
* 1 (15oz) can chickpeas, drained and rinsed
* 1 bell pepper, diced
* Salt and pepper to taste
* Lime wedges for serving

### Instructions

1. In a skillet, heat the coconut oil over medium heat.
2. Add the onions and saut√© for 2 minutes until translucent. 
3. Stir in the garlic, curry powder, thyme, allspice and cayenne. Toast for 1 minute.
4. Pour in the veggie broth and chickpeas. Let it simmer.
5. Toss in the bell pepper and season with salt and pepper to taste.
6. Cook for 10-12 minutes, until peppers are tender.
7. Squeeze in fresh lime juice and serve over rice if desired.

### Notes

For extra kick, up the cayenne or add scotch bonnet pepper!
This zesty stew will transport you to the islands, no doubt.
Dairy-free, meat-free, but flavor-full throughout!"
9,yo! hit me up w/ a quick jamaican recipe for lunch? got like 30 mins max lol,"## Jammin' Jerk Chicken Wraps

A spicy, flavorful wrap that'll transport your taste buds to Jamaica in a jiffy!

### Ingredients
* 2 boneless, skinless chicken breasts, diced into 1-inch cubes
* 2 tbsp jerk seasoning
* 1 tbsp olive oil
* 1 bell pepper, sliced 
* 1/2 red onion, sliced
* 4 large tortillas or wraps
* 1 mango, diced
* 1/2 cup shredded cabbage 
* Lime wedges for serving

### Instructions
1. Season the diced chicken with jerk seasoning, coating evenly.
2. In a skillet, heat olive oil over medium-high heat. 
3. Cook the seasoned chicken until browned and cooked through, about 6-8 minutes.
4. Add sliced peppers and onions, saut√© for 2 more minutes.
5. Warm the tortillas according to package instructions.
6. Layer each wrap with chicken, peppers, onions, mango and cabbage.
7. Squeeze a lime wedge over the top for a zesty zing!
8. Roll up tightly and enjoy this Jamaican jamboree!

### Notes
For a vegetarian version, skip the chicken and double up on veggies.
Add a dollop of cool yogurt to tame the jerk spice if desired.
Get jiggy with it by adding jalape√±os for extra island heat!"
4,Would love to explore Kyrgyz cuisine! Looking for a medium-difficulty recipe that serves 4. We eat everything and I've got an hour to spare.,"## Kyrgyz Plov, A Savory Delight

A classic rice dish from the hills so bright,
With tender lamb and spices that ignite!

### Ingredients

* 1 lb lamb shoulder, cubed into bite-sized pieces
* 1 large onion, finely diced
* 3 cloves garlic, minced
* 1 tbsp cumin seeds
* 1 tsp coriander seeds
* 1 tsp paprika
* 1/2 tsp cayenne pepper
* 2 cups long grain rice
* 4 cups beef or chicken broth
* 1/4 cup raisins
* 2 carrots, peeled and sliced
* Salt and pepper to taste
* Chopped parsley for garnish

### Instructions

1. In a large pot, saut√© the onions in oil until translucent.
2. Add the lamb, garlic, cumin, coriander, paprika and cayenne. 
3. Saut√© for 5 minutes until lamb is browned and spices are fragrant.
4. Stir in the rice to coat with the spices and oil.
5. Pour in the broth and add the raisins and carrots.
6. Season with salt and pepper to your taste.
7. Bring to a boil, then reduce heat to low, cover and simmer for 25 minutes.
8. Remove from heat and let stand covered for 10 more minutes.
9. Fluff with a fork and transfer to a serving dish.
10. Garnish with fresh parsley for a vibrant hue.

### Notes

For extra flair, toss in some slivered almonds or pistachios!
Serve with yogurt or cucumber salad on the side.
This hearty plov is sure to please your tribe!"
0,I'm treating myself to a fancy Thai dinner tonight! Got an hour to cook something special just for me üë®‚Äçüç≥,"## Massaman Curry Delight

A rich and fragrant Thai curry that will transport your taste buds to Bangkok! Be prepared for an explosion of exotic flavors that are sure to impress.

### Ingredients

* 1 lb boneless chicken thighs, cut into chunks
* 2 tbsp massaman curry paste
* 1 can (13.5 oz) coconut milk
* 1 cup chicken broth
* 2 small potatoes, peeled and cubed  
* 1 onion, sliced
* 1 cup roasted peanuts
* 2 tbsp fish sauce
* 1 tbsp brown sugar
* Juice of 1 lime
* Chopped cilantro for garnish

### Instructions

1. In a large pot, cook the curry paste for 1 minute over medium heat.
2. Add coconut milk and chicken broth, whisking until combined.
3. Toss in the chicken, potatoes, onions, and roasted peanuts. 
4. Simmer for 25 minutes, until chicken is cooked through.
5. Stir in fish sauce, brown sugar, and a squeeze of lime juice.
6. Serve over jasmine rice and garnish with fresh cilantro.
7. Enjoy this Thai treat, a culinary journey in every bite!

### Variations

For a vegetarian version, omit the chicken and double up on potatoes and onions. Add eggplant or tofu for extra protein. Spice it up with fresh chilies or cool it down with extra coconut milk - make it your own!"
1,Need help planning a large Kyrgyz feast for my wedding - looking for vegan & GF options. Have all day to prepare and need to feed 20 guests. Any traditional recipes?,"## A Kyrgyz Vegan & Gluten-Free Feast

A bountiful spread of flavors from the mountains,
Plant-based platters that will surely astound!

### Ingredients

- 2 lbs potatoes, peeled and cubed
- 1 large onion, diced 
- 4 carrots, sliced
- 1 head cauliflower, cut into florets
- 1 cup green beans, trimmed
- 1‚ÅÑ4 cup olive oil
- 2 tsp cumin
- 1 tsp coriander
- Salt and pepper to taste
- 1 cup basmati rice
- 4 cups vegetable broth
- 1 lb firm tofu, pressed and cubed  
- 1 cup cashews, soaked
- 1‚ÅÑ2 cup water
- 2 tbsp lemon juice
- 2 cloves garlic
- 1 tsp salt
- Fresh herbs like dill, parsley, cilantro

### Instructions

1. Roast the veggies first, combine potatoes, onions, carrots, cauliflower and beans on a baking sheet. 
2. Drizzle with olive oil and spices, toss to coat. Roast at 400¬∞F for 30-40 minutes.
3. Cook the rice with veggie broth according to package, fluff with a fork when done.
4. For the tofu, saut√© the cubed tofu in a skillet with oil and spices until lightly browned.
5. Make the cashew sauce by blending cashews, water, lemon, garlic and salt until smooth.
6. On large platters, arrange the roasted veggies, tofu, rice and cashew sauce.
7. Garnish with plenty of fresh, chopped herbs for aroma and flavor galore!

### Notes

This vegan and gluten-free Kyrgyz feast has all the heartiness and vibrant flavors of tradition. Provide fresh flatbread or fill plates with a beautiful array of plant-based dishes. The cashew sauce adds richness while letting veggies shine. Cherished recipes made anew for your wedding menu!"
8,"I desire an elegant Nordic vegetarian dish that will impress my dinner guests this evening. We are four persons in total,  and I have precisely one hour to prepare it.","## Sm√∂rg√•st√•rta - A Savory Swedish Sandwich Cake

A creative and visually stunning vegetarian dish, perfect to impress your guests with Nordic flair!

This elegant layered sandwich cake is a traditional Swedish delicacy, 
Filled with fresh vegetables and flavors so hearty.
Prepare with ease in just an hour or less,
For a dish that will wow and surely impress!

### Ingredients

- 1 loaf Danish rye bread or dense whole grain bread 
- 1 cup cream cheese, softened
- 1/2 cup sour cream
- 1 tbsp Dijon mustard
- 1 tsp dill, finely chopped
- Salt and pepper, to taste
- 2 hard-boiled eggs, sliced  
- 1 cucumber, thinly sliced
- 1 red bell pepper, sliced
- 1/2 red onion, thinly sliced
- 1 cup alfalfa sprouts
- Fresh dill for garnish

### Instructions

1. Trim the crusts off the bread loaf and slice horizontally into 3 even layers.
2. In a bowl, mix cream cheese, sour cream, mustard, dill, salt and pepper until smooth.
3. Spread 1/3 of the cream cheese mixture evenly over the bottom bread layer.
4. Layer with sliced eggs, cucumber, bell pepper, onion and sprouts. 
5. Top with the second bread layer and another 1/3 of the cream cheese mixture.
6. Repeat the veggie layers from step 4.
7. Place the final bread layer on top and spread with remaining cream cheese mixture.
8. Garnish with fresh dill and refrigerate for 30 mins before serving.
9. Cut into wedges or rectangles to reveal the beautiful veggie layers!

### Notes

For a vegan version, substitute vegan cream cheese and skip the eggs.
Get creative with veggies like carrots, beets or avocado for extra flair!
Serve with a fresh salad or Swedish lingonberry jam for true Nordic zest."
7,"Looking 4 a Nordic recipe that doesn't have dairy/red meat... cooking 4 my inlaws tonight (4ppl total). Have 1hr,  nothing 2 fancy plz.","## Savory Scandinavian Salmon Cakes

A delightful Nordic dish that's dairy-free,
Packed with flavor, you'll surely agree!
These salmon cakes are a real crowd-pleaser,
Perfect for your in-laws, a culinary teaser!

### Ingredients

* 1 lb boneless, skinless salmon fillets
* 1 large potato, peeled and grated
* 1 egg, beaten
* 1/4 cup breadcrumbs
* 2 tbsp fresh dill, chopped
* 1 tbsp Dijon mustard
* 1 tsp lemon zest
* 1/2 tsp salt
* 1/4 tsp black pepper
* 2 tbsp olive oil for frying

### Instructions

1. Flake the salmon into a large bowl, removing any bones.
2. Add grated potato, egg, breadcrumbs, dill, mustard, lemon zest, salt, and pepper.
3. Mix well until fully combined, then form into patties.
4. In a skillet, heat olive oil over medium-high heat.
5. Fry the salmon cakes for 3-4 minutes per side until golden brown.
6. Drain on a paper towel-lined plate and serve warm.

### Tips

* Serve with a dill and lemon sauce for extra zing!
* Pair with roasted potatoes and a crisp green salad.
* Refrigerate leftovers for up to 3 days.

This Nordic creation will surely delight,
Your in-laws will savor each tasty bite!
Whipped up with ease in just an hour's time,
A delectable dish that's simply sublime!"
2,"Can u suggest a vegetarian jamaican recipe that'll feed my family of 4? nothing too complicated,  got about an hour","## Veggie Patty Perfection

A tasty Jamaican treat, meat-free and such a hit!
Patties so flaky, stuffed with goodies galore,
Your family will savor every bite for sure!

### Ingredients

- 2 cups all-purpose flour, plus more for dusting
- 1 tsp salt
- 1 tsp curry powder
- 1/2 cup cold butter, cubed
- 1/2 cup ice water
- 1 onion, diced
- 2 cloves garlic, minced
- 1 bell pepper, diced
- 2 cups cooked lentils or kidney beans
- 1 tsp dried thyme
- 1/2 tsp allspice
- Hot sauce, to taste
- Egg wash (1 egg beaten with 1 tbsp water)

### Instructions

1. For the dough, whisk flour, salt and curry in a bowl.
2. Cut in butter until it resembles coarse crumbs.
3. Stir in ice water until a dough just comes together.
4. Turn onto floured surface and knead briefly. Chill while making filling.

5. Saut√© onion and garlic in oil until soft. 
6. Add bell pepper, lentils, thyme, allspice and hot sauce.
7. Cook for 5 mins, mashing lentils slightly. Season well.

8. Roll dough into rectangles, fill with veggie mixture. 
9. Fold over, crimp edges with a fork and brush with egg wash.
10. Bake at 400¬∞F for 25-30 mins until golden brown.

### Notes

Serve these savory handpies piping hot,
With cool mango salsa, you've got quite the spot!
A bounty of flavor in each flaky bite,
Your fam will be jammin' to this Jamaican delight!"
6,Hi there! Could you recommend a nice Thai dish that would work for a family dinner? We have about an hour to cook and there's four of us.,"## Thai Coconut Curry Shrimp

A fragrant and flavorful Thai dish, this coconut curry shrimp is sure to delight. With shrimp, veggies and spices galore, it's a taste that all will adore!

### Ingredients

* 1 lb shrimp, peeled and deveined
* 2 tbsp red curry paste
* 1 can (13.5 oz) coconut milk
* 1 cup vegetable or chicken broth
* 2 tbsp fish sauce
* 1 tbsp brown sugar
* 1 red bell pepper, sliced
* 1 cup sliced mushrooms
* 2 cups baby spinach or kale
* 2 tbsp lime juice
* Cooked rice, for serving
* Chopped cilantro for garnish

### Instructions

1. In a large skillet or wok, add the curry paste and coconut milk. Cook for 2 minutes over medium heat, stirring frequently.
2. Add the broth, fish sauce, and brown sugar. Stir to combine and bring to a simmer.
3. Add the shrimp, bell pepper, and mushrooms. Simmer for 5-7 minutes until shrimp is cooked through. 
4. Stir in the spinach or kale and lime juice. Cook for 1 minute until greens are wilted.
5. Taste and adjust seasoning as needed, adding more fish sauce for saltiness or lime for tang.
6. Serve over steamed rice and garnish with chopped cilantro.

### Notes

For a vegetarian version, omit the shrimp and fish sauce. Add extra veggies and use vegetable broth.
Adjust spice level by using more or less curry paste.
Toppings like crushed peanuts, chili oil, or crispy wonton strips add great crunch!"
